{
  "name": "CicloPropedeutico",
  "fields": [
    {
      "fieldName": "ciclo",
      "fieldType": "String"
    }
  ],
  "relationships": [
    {
      "relationshipType": "many-to-one",
      "otherEntityName": "acuerdo",
      "otherEntityRelationshipName": "cicloPropedeutico",
      "relationshipName": "cicloPropedeuticoAcuerdo",
      "otherEntityField": "acuerdo"
    },
    {
      "relationshipType": "many-to-one",
      "otherEntityName": "modalidad",
      "otherEntityRelationshipName": "modalidadCicloPropedeutico",
      "relationshipName": "modalidad",
      "otherEntityField": "id"
    }
  ],
  "changelogDate": "20201008033503",
  "entityTableName": "ciclo_propedeutico",
  "dto": "mapstruct",
  "pagination": "pagination",
  "service": "serviceImpl",
  "jpaMetamodelFiltering": false,
  "fluentMethods": true,
  "readOnly": false,
  "embedded": false,
  "clientRootFolder": "",
  "applications": "*"
}
