{
  "name": "Elemento",
  "fields": [
    {
      "fieldName": "elemento",
      "fieldType": "String"
    },
    {
      "fieldName": "descripcion",
      "fieldType": "String"
    }
  ],
  "relationships": [
    {
      "relationshipType": "many-to-one",
      "otherEntityName": "formato",
      "otherEntityRelationshipName": "elemento",
      "relationshipName": "elementoFormato",
      "otherEntityField": "formato"
    },
    {
      "relationshipName": "elementoFases",
      "otherEntityName": "fases",
      "relationshipType": "many-to-one",
      "otherEntityField": "fase",
      "otherEntityRelationshipName": "elemento"
    }
  ],
  "changelogDate": "20201008033903",
  "entityTableName": "elemento",
  "dto": "mapstruct",
  "pagination": "pagination",
  "service": "serviceImpl",
  "jpaMetamodelFiltering": false,
  "fluentMethods": true,
  "readOnly": false,
  "embedded": false,
  "clientRootFolder": "",
  "applications": "*",
  "searchEngine": false,
  "databaseType": "sql"
}
