{
  "name": "Facultad",
  "fields": [
    {
      "fieldName": "codigoFacultad",
      "fieldType": "String"
    },
    {
      "fieldName": "facultad",
      "fieldType": "String"
    }
  ],
  "relationships": [
    {
      "relationshipType": "one-to-many",
      "otherEntityName": "proyecto",
      "otherEntityRelationshipName": "facultad",
      "relationshipName": "facultadProyecto"
    }
  ],
  "changelogDate": "20201008034303",
  "entityTableName": "facultad",
  "dto": "mapstruct",
  "pagination": "pagination",
  "service": "serviceImpl",
  "jpaMetamodelFiltering": false,
  "fluentMethods": true,
  "readOnly": false,
  "embedded": false,
  "clientRootFolder": "",
  "applications": "*"
}
