{
  "name": "Fases",
  "fields": [
    {
      "fieldName": "fase",
      "fieldType": "String"
    },
    {
      "fieldName": "notificable",
      "fieldType": "Boolean"
    }
  ],
  "relationships": [],
  "changelogDate": "20201008034403",
  "entityTableName": "fases",
  "dto": "mapstruct",
  "pagination": "pagination",
  "service": "serviceImpl",
  "jpaMetamodelFiltering": false,
  "fluentMethods": true,
  "readOnly": false,
  "embedded": false,
  "clientRootFolder": "",
  "applications": "*",
  "searchEngine": false,
  "databaseType": "sql"
}
