{
  "name": "ProyectoFase",
  "fields": [
    {
      "fieldName": "titulo",
      "fieldType": "String"
    },
    {
      "fieldName": "cumplida",
      "fieldType": "Boolean"
    },
    {
      "fieldName": "fechaCumplimiento",
      "fieldType": "LocalDate"
    },
    {
      "fieldName": "observaciones",
      "fieldType": "String"
    }
  ],
  "relationships": [
    {
      "relationshipType": "many-to-one",
      "otherEntityName": "fases",
      "otherEntityRelationshipName": "proyectoFase",
      "relationshipName": "proyectoFaseFases",
      "otherEntityField": "fase"
    },
    {
      "relationshipType": "many-to-one",
      "otherEntityName": "proyecto",
      "otherEntityRelationshipName": "proyectoFase",
      "relationshipName": "proyectoFaseProyecto",
      "otherEntityField": "titulo"
    }
  ],
  "changelogDate": "20201008040003",
  "entityTableName": "proyecto_fase",
  "dto": "mapstruct",
  "pagination": "pagination",
  "service": "serviceImpl",
  "jpaMetamodelFiltering": false,
  "fluentMethods": true,
  "readOnly": false,
  "embedded": false,
  "clientRootFolder": "",
  "applications": "*"
}
