{
  "name": "ResultadosEsperados",
  "fields": [
    {
      "fieldName": "resultado",
      "fieldType": "String"
    },
    {
      "fieldName": "indicador",
      "fieldType": "String"
    },
    {
      "fieldName": "beneficiario",
      "fieldType": "String"
    },
    {
      "fieldName": "ordenVista",
      "fieldType": "Integer"
    }
  ],
  "relationships": [
    {
      "relationshipType": "many-to-one",
      "otherEntityName": "proyecto",
      "otherEntityRelationshipName": "resultadosEsperados",
      "relationshipName": "resultadosEsperadosProyecto",
      "otherEntityField": "titulo"
    }
  ],
  "changelogDate": "20201008040203",
  "entityTableName": "resultados_esperados",
  "dto": "mapstruct",
  "pagination": "pagination",
  "service": "serviceImpl",
  "jpaMetamodelFiltering": false,
  "fluentMethods": true,
  "readOnly": false,
  "embedded": false,
  "clientRootFolder": "",
  "applications": "*"
}
