{
  "name": "Usuario",
  "fields": [
    {
      "fieldName": "usuario",
      "fieldType": "String"
    },
    {
      "fieldName": "descripcion",
      "fieldType": "String"
    }
  ],
  "relationships": [],
  "changelogDate": "20201008040903",
  "entityTableName": "usuario",
  "dto": "mapstruct",
  "pagination": "pagination",
  "service": "serviceImpl",
  "jpaMetamodelFiltering": false,
  "fluentMethods": true,
  "readOnly": false,
  "embedded": false,
  "clientRootFolder": "",
  "applications": "*"
}
